{
  "loss": [
    0.0073255207389593124,
    0.0031489005777984858,
    0.0026402794755995274,
    0.0023853308521211147,
    0.0022654691711068153,
    0.0021738873329013586,
    0.002129046246409416,
    0.0020930650644004345,
    0.002035248326137662,
    0.002029473427683115
  ],
  "mean_absolute_error": [
    0.05689764395356178,
    0.03896819055080414,
    0.035260528326034546,
    0.03342646732926369,
    0.03247139975428581,
    0.03176974877715111,
    0.03135961666703224,
    0.03110162355005741,
    0.03070905990898609,
    0.030597571283578873
  ],
  "mean_squared_error": [
    0.0073255207389593124,
    0.0031489005777984858,
    0.0026402794755995274,
    0.0023853308521211147,
    0.0022654691711068153,
    0.0021738873329013586,
    0.002129046246409416,
    0.0020930650644004345,
    0.002035248326137662,
    0.002029473427683115
  ],
  "val_loss": [
    0.004917879123240709,
    0.0060693868435919285,
    0.005864179693162441,
    0.00585986627265811,
    0.005555029958486557,
    0.0059919958002865314,
    0.006135465111583471,
    0.005817323923110962,
    0.005828820634633303,
    0.0059527144767344
  ],
  "val_mean_absolute_error": [
    0.051283638924360275,
    0.056838952004909515,
    0.05662995204329491,
    0.05560937896370888,
    0.05443840101361275,
    0.0569712333381176,
    0.05789370462298393,
    0.056955479085445404,
    0.05641339346766472,
    0.05730590969324112
  ],
  "val_mean_squared_error": [
    0.004917879123240709,
    0.0060693868435919285,
    0.005864179693162441,
    0.00585986627265811,
    0.005555029958486557,
    0.0059919958002865314,
    0.006135465111583471,
    0.005817323923110962,
    0.005828820634633303,
    0.0059527144767344
  ],
  "lr": [
    0.0008693959098309278,
    0.0007558215875178576,
    0.0006570841069333255,
    0.0005712452693842351,
    0.0004966201377101243,
    0.0004317436832934618,
    0.0003753424098249525,
    0.00032630920759402215,
    0.0002836814965121448,
    0.0002466225123498589
  ]
}