{
  "loss": [
    0.007281673606485128,
    0.003283861791715026,
    0.0026744711212813854,
    0.0024054197128862143,
    0.002263479633256793,
    0.002161984331905842,
    0.0021090484224259853,
    0.0020588792394846678,
    0.002014320809394121,
    0.001975593389943242
  ],
  "mean_absolute_error": [
    0.057142168283462524,
    0.04014306515455246,
    0.035723745822906494,
    0.03367782011628151,
    0.03256145864725113,
    0.031769294291734695,
    0.03131214529275894,
    0.030886290594935417,
    0.030519936233758926,
    0.030227970331907272
  ],
  "mean_squared_error": [
    0.007281673606485128,
    0.003283861791715026,
    0.0026744711212813854,
    0.0024054197128862143,
    0.002263479633256793,
    0.002161984331905842,
    0.0021090484224259853,
    0.0020588792394846678,
    0.002014320809394121,
    0.001975593389943242
  ],
  "val_loss": [
    0.0032362304627895355,
    0.004024403635412455,
    0.003935920540243387,
    0.0037612309679389,
    0.004191986750811338,
    0.004776974208652973,
    0.0042355782352387905,
    0.004690409172326326,
    0.004515715874731541,
    0.004496470559388399
  ],
  "val_mean_absolute_error": [
    0.04050502926111221,
    0.046098243445158005,
    0.044065702706575394,
    0.04330315440893173,
    0.04510911926627159,
    0.04993639141321182,
    0.046859677881002426,
    0.0492662638425827,
    0.04804632067680359,
    0.048344701528549194
  ],
  "val_mean_squared_error": [
    0.0032362304627895355,
    0.004024403635412455,
    0.003935920540243387,
    0.0037612309679389,
    0.004191986750811338,
    0.004776974208652973,
    0.0042355782352387905,
    0.004690409172326326,
    0.004515715874731541,
    0.004496470559388399
  ],
  "lr": [
    0.0008693959098309278,
    0.0007558215875178576,
    0.0006570841069333255,
    0.0005712452693842351,
    0.0004966201377101243,
    0.0004317436832934618,
    0.0003753424098249525,
    0.00032630920759402215,
    0.0002836814965121448,
    0.0002466225123498589
  ]
}