{
  "loss": [
    0.0077722142450511456,
    0.0034665213897824287,
    0.0028101138304919004,
    0.002507926197722554,
    0.002341068349778652,
    0.002250267658382654,
    0.0022118953056633472,
    0.0021390581969171762,
    0.0020989791955798864,
    0.002066949848085642
  ],
  "mean_absolute_error": [
    0.057806435972452164,
    0.041073497384786606,
    0.036676619201898575,
    0.03450600430369377,
    0.033195845782756805,
    0.03241101652383804,
    0.03208641707897186,
    0.031586654484272,
    0.03124133124947548,
    0.030929958447813988
  ],
  "mean_squared_error": [
    0.0077722142450511456,
    0.0034665213897824287,
    0.0028101138304919004,
    0.002507926197722554,
    0.002341068349778652,
    0.002250267658382654,
    0.0022118953056633472,
    0.0021390581969171762,
    0.0020989791955798864,
    0.002066949848085642
  ],
  "val_loss": [
    0.0033514483366161585,
    0.002745827427133918,
    0.0029054132755845785,
    0.0029612414073199034,
    0.0026230819057673216,
    0.0035062110982835293,
    0.002986870938912034,
    0.003264692844823003,
    0.003686117008328438,
    0.0036966598127037287
  ],
  "val_mean_absolute_error": [
    0.04060332104563713,
    0.0359872467815876,
    0.037578336894512177,
    0.03803670033812523,
    0.03574247285723686,
    0.04246794059872627,
    0.038339365273714066,
    0.04052863270044327,
    0.04332229867577553,
    0.04337393864989281
  ],
  "val_mean_squared_error": [
    0.0033514483366161585,
    0.002745827427133918,
    0.0029054132755845785,
    0.0029612414073199034,
    0.0026230819057673216,
    0.0035062110982835293,
    0.002986870938912034,
    0.003264692844823003,
    0.003686117008328438,
    0.0036966598127037287
  ],
  "lr": [
    0.0008693959098309278,
    0.0007558215875178576,
    0.0006570841069333255,
    0.0005712452693842351,
    0.0004966201377101243,
    0.0004317436832934618,
    0.0003753424098249525,
    0.00032630920759402215,
    0.0002836814965121448,
    0.0002466225123498589
  ]
}